id,first_name,last_name,active_user,street_address,state,username
1,Cletus,Lithcow,FALSE,78309 Riverside Way,Virginia,ibearham0
2,Caz,Felgat,FALSE,83 Hazelcrest Place,Alabama,wwaller1
3,Kerri,Crowson,FALSE,112 Eliot Pass,North Carolina,ichesnut2
4,Freddie,Caghy,FALSE,15 Merchant Way,New York,tsnarr3
5,Sadella,Deuss,FALSE,079 Acker Avenue,Tennessee,fwherrit4
6,Fraser,Korneev,TRUE,76084 Novick Court,Minnesota,fstappard5
7,Demott,Rapson,TRUE,86320 Dahle Park,District of Columbia,lhambling6
8,Robert,Poile,FALSE,1540 Manitowish Hill,Georgia,drude7
9,Nollie,,TRUE,4 Katie Court,Ohio,bspawton8
10,Merilyn,Frascone,FALSE,387 Duke Street,Ohio,rmackeller9
11,Rickie,Tredwell,FALSE,04 Monterey Center,Missouri,cdennerleya
12,Charmane,Connerry,FALSE,0 Larry Junction,Florida,gsarfasb
13,Nerti,Kerins,FALSE,68 Portage Trail,California,mpichefordc
14,Bart,,FALSE,8 Homewood Court,District of Columbia,bingryd
15,Sadella,Jaram,TRUE,7528 Waxwing Terrace,Connecticut,wheinerte
16,Dicky,Runnett,FALSE,1793 Delaware Park,Florida,mdrewetf
17,Hewitt,Trammel,TRUE,2455 Corry Alley,North Carolina,droughsedgeg
18,Gilligan,Boys,FALSE,2 Raven Court,Florida,abaakeh
19,Ted,Knowlys,TRUE,31 South Drive,Ohio,ydudeniei
20,Darb,Carrel,FALSE,406 Park Meadow Center,Minnesota,ckermittj
21,Diandra,Cancellor,FALSE,1 Fisk Parkway,North Carolina,ipowisk
22,Ulrika,Itzhayek,FALSE,890 Lakewood Alley,California,dtaltonl
23,Annmarie,Lafond,TRUE,35 Oriole Place,Georgia,fmyttonm
24,Lolita,Cleever,FALSE,0 Crescent Oaks Way,North Carolina,sportern
25,Carmelita,Di Ruggiero,FALSE,5 Monterey Street,Texas,ccruso
26,Travus,Bembrigg,FALSE,2022 Fulton Trail,Texas,croscampsp
27,Regina,Duval,FALSE,733 Harbort Alley,Florida,aklempkeq
28,Toma,Sokell,TRUE,39641 Eggendart Hill,Maryland,bfletcherr
29,Jaymie,,FALSE,2026 Nancy Parkway,Oregon,egerts
30,Ram,Lefever,TRUE,9969 Laurel Alley,Texas,gturleyt
31,Raddie,Heindle,TRUE,811 Talmadge Road,Ohio,calyukinu
32,Bamby,Searles,FALSE,82 2nd Crossing,Virginia,sdekeyserv
33,Wallie,Caws,TRUE,9999 Kenwood Pass,Oregon,ckleinlererw
34,Derril,Varfolomeev,TRUE,4 Jenifer Court,Florida,pshanklandx
35,Noby,Hatherill,FALSE,8474 Gateway Hill,Indiana,cfishbourny
36,Cicily,Malicki,FALSE,6137 Claremont Place,Ohio,sklamptz
37,Doralia,Blench,FALSE,07796 Northwestern Plaza,New York,babbatucci10
38,Meggi,Feaveryear,FALSE,8 Farragut Street,Tennessee,csineath11
39,Kelcy,Wheway,TRUE,93207 Morningstar Plaza,Florida,enelane12
40,Dorree,Rookeby,TRUE,2 Troy Circle,California,sfollet13
41,Martyn,Tott,TRUE,728 Muir Lane,Florida,mtesh14
42,Dunn,Strand,FALSE,107 Sycamore Lane,Michigan,ahaulkham15
43,Cally,Thody,TRUE,1 Graceland Plaza,Florida,tseyfart16
44,Christy,Hardman,FALSE,570 Helena Road,California,afrankis17
45,Ted,Pittaway,TRUE,767 Little Fleur Parkway,North Carolina,hfarrier18
46,Teodorico,Crannell,FALSE,86 Victoria Alley,Colorado,bmalinowski19
47,Lucia,Dymidowicz,FALSE,93661 Browning Alley,Pennsylvania,rhartnup1a
48,Fifi,Lidgley,TRUE,6744 Sutherland Road,South Carolina,nabbie1b
49,Broderick,Sherry,FALSE,7 Banding Park,Texas,wyea1c
50,Ashely,O'Hern,TRUE,929 Scoville Park,Florida,ystadding1d
51,Mack,Tiner,FALSE,5967 Kensington Hill,Nevada,plegion1e
52,Gerrilee,Searsby,FALSE,91 Anniversary Pass,Pennsylvania,reasun1f
53,Diannne,Osbaldeston,TRUE,0 Mesta Pass,Tennessee,hhallgalley1g
54,Maryann,Loudiane,FALSE,16248 Ronald Regan Center,Ohio,kebbin1h
55,Jenny,Tidbold,FALSE,78 Mandrake Junction,Florida,arivel1i
56,Carmel,Placido,FALSE,03211 Monica Road,Texas,obrewer1j
57,Washington,Maile,FALSE,6 Jackson Court,Ohio,acusworth1k
58,Rivalee,,FALSE,77260 Farragut Alley,Missouri,hemptage1l
59,Ursula,Braund,FALSE,70 Mayfield Parkway,Georgia,hshenfish1m
60,Sonny,Jeskin,TRUE,50 Sutherland Drive,Massachusetts,ageaveny1n
61,Lexy,Kolushev,FALSE,55 Starling Plaza,New York,rarrow1o
62,Hugh,Laingmaid,FALSE,5527 Hovde Alley,South Dakota,fgraundisson1p
63,Aguie,Wark,TRUE,367 Fulton Park,Ohio,nabramsky1q
64,Killy,Hallewell,FALSE,509 Talisman Hill,Washington,hconneau1r
65,Emeline,Fitchew,FALSE,0446 Nevada Terrace,California,lsillito1s
66,Xymenes,Karchewski,FALSE,53750 David Avenue,California,galekseicik1t
67,Archambault,Hulmes,TRUE,7345 Anthes Parkway,Florida,eblackboro1u
68,Noak,Bagguley,FALSE,16420 Anniversary Plaza,Virginia,hrushworth1v
69,Hayden,Stubbin,TRUE,2290 Anzinger Alley,Alaska,mmatuschek1w
70,Marmaduke,Malloy,TRUE,722 Beilfuss Hill,Washington,nruegg1x
71,Richart,Doodney,TRUE,074 Cordelia Plaza,Indiana,sdobing1y
72,Ciro,Clapshaw,FALSE,028 Lien Center,Kentucky,bvigar1z
73,Kathleen,Kohen,TRUE,98944 Golf View Place,Minnesota,cord20
74,Alistair,,TRUE,29 Gateway Alley,Colorado,tantonoyev21
75,Bogey,Emmins,FALSE,473 Merry Way,Ohio,jchilds22
76,Roby,Pichan,TRUE,162 Schmedeman Trail,Florida,ghearl23
77,Town,Cust,TRUE,1673 Warbler Street,New York,aheaseman24
78,Conny,Victoria,TRUE,54 Eagle Crest Park,Pennsylvania,ghullot25
79,Phillida,Hiscoe,TRUE,7925 Butternut Pass,North Carolina,bfollett26
80,Zolly,Bough,TRUE,5854 Swallow Court,Louisiana,neaklee27
81,Stevana,Fance,FALSE,4293 Larry Park,Connecticut,rutley28
82,Linc,Cowcha,FALSE,61 Canary Parkway,Massachusetts,mrizzolo29
83,Rheba,,FALSE,207 Miller Terrace,Florida,cclearley2a
84,Axe,Bolderson,TRUE,86 Hansons Circle,Missouri,csimonett2b
85,Betteanne,Whittock,TRUE,9 Lyons Hill,New York,mmickan2c
86,Lewiss,Hargrave,TRUE,55964 Spaight Plaza,California,bvenmore2d
87,Darsey,Thatcher,FALSE,68 Veith Plaza,Florida,rthatcher2e
88,Delmer,Walley,TRUE,923 Brickson Park Center,Georgia,jwaberer2f
89,Abe,Mace,FALSE,9925 Almo Court,New York,hleftridge2g
90,Adeline,Hendonson,FALSE,537 Hoard Center,Florida,bdavidovits2h
91,Burg,Cheshire,FALSE,6 Orin Crossing,New York,djindrich2i
92,Dulcea,Kimberly,FALSE,37 Almo Circle,Florida,lplackstone2j
93,Cornell,Enrietto,TRUE,465 Hansons Road,West Virginia,gmeekins2k
94,Lowe,Adriano,FALSE,596 Derek Junction,Arizona,tfligg2l
95,Emanuel,Blaine,TRUE,7560 Independence Lane,New York,dflury2m
96,Drucy,Jaycocks,FALSE,5011 Manley Avenue,Wisconsin,hkiddie2n
97,Lutero,Wand,TRUE,3 School Drive,Connecticut,ajovasevic2o
98,Gustaf,Staten,TRUE,5 Del Mar Circle,Michigan,esalan2p
99,Emalia,Kynett,TRUE,5719 Village Green Plaza,Minnesota,mcham2q
100,Alanson,Rushforth,TRUE,662 Ridge Oak Drive,Louisiana,bthoday2r
101,Alexei,Driver,TRUE,7 Meadow Ridge Trail,Michigan,mrabley2s
102,Art,Hawtry,TRUE,194 Old Shore Park,Pennsylvania,folczak2t
103,Lida,Howell,FALSE,629 Center Way,Louisiana,rjanes2u
104,Hilary,Rosenthal,FALSE,019 Cambridge Crossing,Maryland,hpeachment2v
105,Irita,Lishmund,FALSE,75 Sycamore Place,Texas,rbarensen2w
106,Nerta,Penylton,TRUE,930 Stang Road,Mississippi,rtesto2x
107,Vite,Corp,TRUE,07 Walton Junction,Florida,adomenici2y
108,Ellsworth,Sarjeant,FALSE,54739 Ramsey Hill,California,aetteridge2z
109,Barty,Pendlebury,FALSE,421 Thierer Crossing,Massachusetts,cranyell30
110,Dolley,Brockhouse,FALSE,218 Kropf Hill,Illinois,dmacgilpatrick31
111,Dion,Marcos,TRUE,2 Marcy Way,Pennsylvania,lpawlicki32
112,Lindsay,Ligoe,FALSE,949 Reindahl Hill,New York,rgodney33
113,Anna,Myatt,TRUE,405 Monterey Parkway,New York,atitmus34
114,Stearn,Joanaud,TRUE,13 Green Ridge Court,Arizona,mhazelgrove35
115,Yasmin,Jarrard,TRUE,85291 Caliangt Parkway,Texas,diaduccelli36
116,Patricia,Biles,FALSE,43 Eagle Crest Pass,Louisiana,dcordes37
117,Boniface,Ismead,FALSE,9927 Chinook Alley,Virginia,ctrenbay38
118,Bradley,Barkess,FALSE,383 Clarendon Drive,Louisiana,rzannutti39
119,Ogdan,Pahlsson,FALSE,1 Summit Circle,Indiana,bkrysztofowicz3a
120,Tome,Cicchetto,TRUE,8 Harbort Park,Texas,vcovotto3b
121,Vivi,Gillicuddy,FALSE,58063 Maywood Alley,Michigan,lgilligan3c
122,Cleavland,Grayland,FALSE,50 Lunder Alley,New York,swhitland3d
123,Verine,Incogna,TRUE,203 Grim Drive,Virginia,mbrear3e
124,Cecilio,Fominov,FALSE,99 Bartelt Trail,Texas,gwinsor3f
125,Flss,Lidierth,FALSE,5530 Charing Cross Pass,Indiana,ggostyke3g
126,Aylmer,Basant,TRUE,88 Lakewood Gardens Junction,Florida,btolley3h
127,Lem,Eastwood,TRUE,4 5th Avenue,Texas,ituvey3i
128,Caritta,Fridlington,FALSE,0 Dovetail Drive,Indiana,mmaccomiskey3j
129,Morley,Restorick,FALSE,30730 Reinke Hill,Kansas,bchorley3k
130,Kippy,Panter,TRUE,227 Mockingbird Terrace,Arkansas,gtrundell3l
131,Pattie,Petrusch,TRUE,89777 Dawn Parkway,Texas,mcousin3m
132,Duke,Pechet,FALSE,545 Acker Pass,Mississippi,wtitt3n
133,Hy,Ensley,TRUE,6808 Independence Circle,District of Columbia,mwadesworth3o
134,Vincenz,Kemmis,FALSE,80 Daystar Drive,Delaware,jtiddy3p
135,Darren,Carabet,FALSE,98481 Dayton Way,California,kmcteggart3q
136,Ronna,Diboll,TRUE,04002 Thierer Lane,Texas,mmannagh3r
137,Margie,Bartolomeazzi,TRUE,9 Buhler Drive,Idaho,gpowton3s
138,Anissa,Cristol,TRUE,919 Stuart Plaza,Illinois,rdalston3t
139,Shawna,Bonnaire,FALSE,46 Mallory Hill,New Mexico,gorrell3u
140,Cyndia,Halton,TRUE,617 Stuart Junction,Florida,bpatesel3v
141,Petunia,Lukins,TRUE,0730 Menomonie Junction,Massachusetts,kgiddings3w
142,Herminia,Kirmond,FALSE,91256 Annamark Place,California,cgolly3x
143,Auguste,Wase,TRUE,350 Hanson Parkway,Florida,jprandoni3y
144,Wolfie,Bebb,FALSE,89 Anhalt Street,California,mackrill3z
145,Madison,Killich,FALSE,069 Village Green Place,Texas,tcrookall40
146,Delores,Collcutt,FALSE,72083 Emmet Avenue,Arkansas,lshurman41
147,Web,Skaife,FALSE,9942 Badeau Road,Arizona,bhart42
148,Abagael,Renihan,FALSE,72 Burning Wood Avenue,Kentucky,ggrishakin43
149,Tani,Childerhouse,TRUE,8 Portage Junction,Colorado,awellman44
150,Camel,Anselmi,TRUE,6 Donald Park,Colorado,lminthorpe45
151,Gerianna,Matthiesen,FALSE,4696 Pepper Wood Place,Wisconsin,irowth46
152,Isabella,Baltzar,FALSE,8936 Forster Street,Michigan,bbulstrode47
153,Isaiah,Caccavella,TRUE,7694 Monument Center,Texas,cflemming48
154,Gwenni,De la Zenne,TRUE,07 Declaration Crossing,Minnesota,aarrowsmith49
155,Giffie,Mathevon,FALSE,488 Hazelcrest Park,Florida,anockles4a
156,Nadeen,Garvill,FALSE,71107 Ryan Circle,Nebraska,hbenedito4b
157,Norry,Puxley,FALSE,170 Roth Point,Ohio,htremellan4c
158,Nonnah,Brabant,TRUE,8160 Del Sol Hill,Ohio,jphin4d
159,Hillie,Dinsey,FALSE,11698 Bowman Alley,Texas,bmctrustam4e
160,Esdras,Masdin,FALSE,0 Arapahoe Avenue,Kansas,lgeorgievski4f
161,Blondell,Lidyard,FALSE,096 Fulton Pass,Texas,csurgood4g
162,Zarla,Hacket,TRUE,3 Russell Crossing,North Carolina,mcubbin4h
163,Olympie,Casse,TRUE,98 Linden Avenue,Florida,educker4i
164,Veronica,Surridge,FALSE,10685 Oak Terrace,Texas,csewter4j
165,Cybil,Rimour,FALSE,7126 Pankratz Point,West Virginia,hhallede4k
166,Bogey,Abele,TRUE,32084 Burrows Way,District of Columbia,bbuie4l
167,Kore,Works,FALSE,8 Cardinal Pass,California,larends4m
168,Tonya,Javes,FALSE,5928 Crescent Oaks Trail,Colorado,jschlagh4n
169,Valerie,Batrick,FALSE,449 Brown Park,Michigan,amcanalley4o
170,Sly,Ricket,FALSE,6769 Farmco Alley,Florida,pbeverstock4p
171,Evelin,Tugwell,FALSE,65668 Dwight Hill,California,rcoltart4q
172,Catharina,Tippell,TRUE,67602 Rockefeller Alley,Texas,iedmonstone4r
173,Thomasin,Benko,FALSE,36063 Mccormick Junction,Oklahoma,gfernley4s
174,Gabrielle,Hinckes,TRUE,4 Stoughton Lane,Kentucky,kskinley4t
175,Marianne,Sancto,FALSE,11 Mifflin Street,Washington,briddle4u
176,Langston,Cargen,FALSE,18 Clyde Gallagher Alley,Georgia,ikincaid4v
177,Mord,Junkinson,FALSE,62103 Springs Way,Nebraska,aslavin4w
178,Jessi,Lind,FALSE,8357 Ilene Park,California,wcelli4x
179,Trev,Blazy,FALSE,8618 Myrtle Place,Michigan,gearnshaw4y
180,Leena,Francisco,TRUE,916 Barby Way,California,hboutellier4z
181,Ellen,Founds,FALSE,7202 Brentwood Center,Indiana,eriepl50
182,Enrichetta,Roth,FALSE,838 Eggendart Court,Georgia,dbulloch51
183,Alfie,,FALSE,6241 Bobwhite Circle,Florida,vnobriga52
184,Marylin,Avieson,FALSE,53692 Scott Junction,Minnesota,jfitzgerald53
185,Toinette,Elcome,FALSE,308 Sunnyside Place,California,rillem54
186,Kettie,Pollitt,TRUE,514 Hazelcrest Plaza,South Dakota,hgull55
187,Gardener,Baish,TRUE,6 Butternut Plaza,Colorado,dyarwood56
188,Dorthy,Callicott,TRUE,1 Hoard Junction,Florida,jfarra57
189,Dar,Donizeau,FALSE,632 Merrick Court,Alabama,tharmstone58
190,Jolie,Graal,TRUE,03604 Mifflin Circle,Texas,lashbee59
191,Ronna,Jennaway,FALSE,8731 Manley Trail,Tennessee,hmaryon5a
192,Levy,Harbard,TRUE,3362 Texas Crossing,Virginia,dandrioletti5b
193,Kristos,Hindrick,FALSE,6579 Superior Terrace,Colorado,ryendall5c
194,Sonja,Calladine,TRUE,7 Mcguire Park,Hawaii,egoodship5d
195,Kim,Kybbye,TRUE,08 American Ash Pass,Texas,wshafto5e
196,Maxy,Hamblen,TRUE,15 Duke Terrace,Ohio,fabbitt5f
197,Reagen,Stollmeier,TRUE,92917 Dottie Hill,Georgia,kitshak5g
198,Leroy,,TRUE,01261 Darwin Point,Virginia,gkrishtopaittis5h
199,Dee dee,,TRUE,9 Carpenter Street,Oregon,afibbens5i
200,Yanaton,,TRUE,24462 Killdeer Point,Florida,lcafferty5j
201,Brianna,Jerrems,FALSE,17221 Rieder Terrace,New Mexico,msearson5k
202,Marlowe,Laxson,TRUE,8989 Rockefeller Road,Mississippi,gforde5l
203,Sarine,Pickton,TRUE,930 Swallow Drive,District of Columbia,cricharz5m
204,Julee,,FALSE,4310 Ilene Point,Washington,tjacobowits5n
205,Anette,Larmet,TRUE,33059 Brickson Park Point,Connecticut,mdrogan5o
206,Nicola,Munns,TRUE,4214 Bobwhite Alley,Massachusetts,ttomkies5p
207,Magdaia,Klinck,TRUE,4391 Dexter Crossing,Florida,bgamon5q
208,De witt,Percifull,TRUE,360 Bunting Point,Kansas,mbourget5r
209,Auberon,Howick,FALSE,49 Surrey Court,Illinois,bjinda5s
210,Nata,Hayth,FALSE,689 Manitowish Parkway,Hawaii,acochet5t
211,Olivier,Weins,FALSE,5 Pennsylvania Parkway,Florida,akestell5u
212,Lanna,Robertis,FALSE,070 Holy Cross Park,Washington,yianilli5v
213,Dewey,Trulock,TRUE,65311 Esker Lane,Minnesota,iburgwyn5w
214,Titus,,FALSE,25583 Dawn Point,California,itapenden5x
215,Liza,Jobling,TRUE,0 Blackbird Hill,Maryland,wlomasna5y
216,Charlean,Barwell,FALSE,47256 Kropf Point,Texas,ablissett5z
217,Georgeanne,Ferrier,FALSE,15497 Stang Pass,Washington,mrodden60
218,Cassie,Jendrach,TRUE,71 Northfield Avenue,Tennessee,gsykes61
219,Baryram,Nester,FALSE,14 Village Green Place,Pennsylvania,griordan62
220,Elsy,Faley,TRUE,58043 Everett Alley,Massachusetts,jtidy63
221,Vanya,Cady,FALSE,3631 Linden Way,New York,gwindeatt64
222,Chelsae,Vevers,FALSE,3312 Almo Road,Kansas,bjosipovic65
223,Lotta,Gouinlock,TRUE,484 Bluejay Court,Texas,kgething66
224,Henri,Mixter,TRUE,0 Erie Place,Michigan,bgillise67
225,Joell,Spaven,FALSE,698 Atwood Terrace,Iowa,cbearcock68
226,Chrissie,Muneely,FALSE,4014 Brown Road,Virginia,mscurlock69
227,Ivy,Peart,TRUE,8 Maryland Road,Texas,ydugald6a
228,Derril,O' Reagan,FALSE,6 Chive Park,Indiana,bcoad6b
229,Delmore,Ivanitsa,FALSE,9 Jay Plaza,Wisconsin,bbinge6c
230,Alysa,Aspden,FALSE,49 Anzinger Center,Texas,iwycliff6d
231,Gabie,Schimonek,TRUE,31561 Randy Park,Minnesota,fkitchen6e
232,Ramonda,Brennon,TRUE,15 Saint Paul Crossing,California,cpadginton6f
233,Angela,Stothart,TRUE,13866 Westend Trail,New Mexico,wludwikiewicz6g
234,Doro,Kobisch,FALSE,9 Pennsylvania Court,Texas,mjoder6h
235,Eartha,Bentick,TRUE,68 Bluestem Pass,California,vpiatkowski6i
236,Charleen,Dyers,FALSE,20494 Fremont Point,Louisiana,cpaget6j
237,Spence,Kernoghan,FALSE,1633 Columbus Way,Massachusetts,rbutterwick6k
238,Consalve,Givens,TRUE,5643 Debra Place,Utah,bmirando6l
239,Letta,Cottrell,TRUE,47793 Eastlawn Road,Michigan,wpitbladdo6m
240,Gardie,Snufflebottom,TRUE,9 Anderson Lane,Alabama,bchappel6n
241,Heywood,Gheeorghie,TRUE,41641 Surrey Point,Louisiana,bosban6o
242,Conway,Coutthart,FALSE,7 Butternut Parkway,Colorado,astamps6p
243,Ansell,Dubbin,TRUE,868 Northridge Drive,Kansas,kboath6q
244,Rod,Bythway,FALSE,9200 Mifflin Road,Colorado,jhollerin6r
245,Gustav,Lunk,TRUE,2785 East Pass,Michigan,ghounsom6s
246,Jean,Narbett,FALSE,3 Dottie Alley,Florida,aducker6t
247,Hanny,Mellody,TRUE,564 Comanche Street,Nevada,ckall6u
248,Cammie,Bristo,TRUE,06896 Acker Way,Pennsylvania,nciccarelli6v
249,Junie,Caveill,TRUE,55 Pleasure Terrace,New York,kgadault6w
250,Jerrold,Geistbeck,FALSE,1712 Stoughton Lane,Minnesota,rbettison6x
251,Fayette,Humpage,FALSE,4073 Rutledge Junction,Georgia,crosgen6y
252,Sanson,Thomasson,TRUE,241 Pennsylvania Street,Virginia,tbalmer6z
253,Davy,,FALSE,6010 Gale Point,Nevada,hortsmann70
254,Benton,Peirson,TRUE,7471 Old Gate Hill,Florida,rbeccera71
255,Jessica,Jacquest,TRUE,19 Gina Trail,Virginia,dfielden72
256,Cos,Joye,TRUE,1 Summit Avenue,Texas,gscown73
257,Marlane,Lathleiffure,TRUE,55 Miller Court,Texas,kscandroot74
258,Lucy,Radke,FALSE,9 Blaine Crossing,New Mexico,kcleave75
259,Yalonda,Ishchenko,FALSE,2112 Moulton Park,Massachusetts,arustan76
260,Irene,Mulvihill,TRUE,61 Lukken Road,California,dgwynn77
261,Aurelie,Di Franceschi,TRUE,7 Michigan Alley,Texas,gpagden78
262,Thorstein,Carlisle,FALSE,9592 West Hill,Virginia,mimpey79
263,Dionisio,Woodford,FALSE,50 Melrose Way,Virginia,boattes7a
264,Natasha,Shailer,TRUE,8882 Magdeline Pass,South Carolina,rstubbeley7b
265,Felicio,Tarpey,FALSE,47 Arkansas Pass,Nebraska,ppavolini7c
266,Giffer,Philippet,FALSE,94 Erie Way,California,lthorneloe7d
267,Jayme,Devenny,FALSE,3 Cardinal Lane,Oklahoma,aallwood7e
268,Whit,Turvey,FALSE,6 Lillian Plaza,Florida,akilbourn7f
269,Corella,Byrne,FALSE,09881 Miller Point,Nevada,hsarre7g
270,Anica,Hackleton,FALSE,4 Hanover Circle,New York,sboyse7h
271,Philippa,Degli Abbati,FALSE,2840 Dexter Circle,Iowa,lwrennall7i
272,Jordanna,Fransson,TRUE,1 Briar Crest Parkway,California,bphripp7j
273,Ophelie,Tull,FALSE,35 Lerdahl Court,Florida,ncornelisse7k
274,Haslett,Oda,FALSE,27437 Roxbury Circle,District of Columbia,dknowlson7l
275,Milzie,Klasen,FALSE,79 Russell Street,Florida,sbrasner7m
276,Ashton,Ewence,FALSE,67014 Swallow Point,Washington,lsimonich7n
277,Justine,,FALSE,609 Pleasure Way,Florida,cvolke7o
278,Jonah,Garnsworth,TRUE,2 Schmedeman Crossing,District of Columbia,jmarciskewski7p
279,Concettina,Leathart,FALSE,770 Lillian Drive,Washington,bkeenlayside7q
280,Berget,Le Noire,TRUE,29 Esch Pass,Michigan,smcart7r
281,Harp,Feaver,FALSE,1635 Graceland Point,District of Columbia,cpaulisch7s
282,Dionis,Elphee,TRUE,489 Loftsgordon Junction,Oklahoma,fnewlove7t
283,Gladi,Lyttle,TRUE,7300 Lawn Terrace,California,akinforth7u
284,Milt,Giacomini,TRUE,262 Sage Hill,South Dakota,avobes7v
285,Tobe,Oakes,FALSE,562 Sage Park,North Carolina,mmallinson7w
286,Renault,Duplain,FALSE,2379 Division Court,Michigan,aklewer7x
287,Ann,Antonias,TRUE,72965 Red Cloud Place,California,sofen7y
288,Berti,Bidwell,TRUE,7 La Follette Center,Texas,rkirstein7z
289,Amalle,Woolam,TRUE,7 Dennis Parkway,Pennsylvania,dgermann80
290,Madalyn,Teliga,FALSE,3 Shoshone Parkway,Tennessee,efreen81
291,Peggi,Chrismas,FALSE,02 Bobwhite Plaza,North Carolina,mdell82
292,Florri,Dearing,TRUE,01 Grover Terrace,Missouri,jpatise83
293,Constantina,Sobey,TRUE,405 Washington Hill,District of Columbia,gepps84
294,Monty,Olivello,TRUE,706 Westerfield Pass,California,abackhouse85
295,Harman,Trow,TRUE,1 Bobwhite Parkway,Texas,caffron86
296,Brunhilda,Dearsley,FALSE,708 Clyde Gallagher Way,Texas,totridge87
297,Veronica,Stood,FALSE,24240 Grasskamp Pass,Georgia,awhightman88
298,Hillery,Olivi,FALSE,04344 Sunnyside Circle,Hawaii,mstainfield89
299,Elias,Kingsworth,TRUE,04134 Forest Pass,Virginia,sdagnan8a
300,Kirsteni,Shah,TRUE,24565 Schiller Park,Missouri,phayne8b
301,Domenic,Mealing,TRUE,3413 Hudson Pass,Ohio,zkell8c
302,Dannie,Dyke,FALSE,724 Fieldstone Trail,Texas,vlarenson8d
303,Tobe,Werlock,TRUE,066 Park Meadow Park,Indiana,vwinspeare8e
304,Dulce,Bartley,FALSE,7689 Becker Park,Virginia,gtoplis8f
305,Xylia,Harder,TRUE,49466 Forest Dale Terrace,Minnesota,lpreston8g
306,Charline,Howood,TRUE,250 Vidon Road,Pennsylvania,lbretelle8h
307,Bradley,Duggon,FALSE,2869 Johnson Terrace,Michigan,mhalbert8i
308,Norean,Gwinnell,FALSE,70 4th Street,Nebraska,nwickett8j
309,Rhona,Snaden,TRUE,95 Eagle Crest Crossing,Alaska,ccritten8k
310,Vergil,Worley,TRUE,555 Northview Circle,Iowa,fleads8l
311,Gabriello,Burley,FALSE,738 Kim Park,Virginia,aworvill8m
312,Adriano,Kerr,TRUE,83413 Kim Trail,Texas,sdesvignes8n
313,Agosto,Canepe,TRUE,99630 Surrey Plaza,Florida,ktremollet8o
314,Nessa,Eatock,TRUE,8 Springs Plaza,Arizona,adelmonte8p
315,Les,Forcade,FALSE,1 Daystar Court,Texas,mbeauchop8q
316,Mikey,Rudall,FALSE,00 Brentwood Way,District of Columbia,jwoollett8r
317,Frans,Edinburgh,TRUE,1 Kings Drive,Connecticut,loleszcuk8s
318,Bradney,Cansdall,TRUE,547 Spaight Park,District of Columbia,kpracy8t
319,Leslie,Marples,FALSE,20937 Petterle Point,Texas,aharriot8u
320,Sasha,Zotto,FALSE,83 Spenser Pass,Michigan,phalling8v
321,Meredith,Henkmann,FALSE,3 Sheridan Parkway,California,vburren8w
322,Arlee,Shearmur,TRUE,6 Delaware Crossing,Texas,zbriars8x
323,Brooks,Tomaskov,FALSE,9 Myrtle Circle,California,vjansky8y
324,Trudy,Keningham,TRUE,970 Stoughton Pass,Florida,dbukowski8z
325,Tadeo,Stiffell,TRUE,94285 Manley Trail,West Virginia,krundall90
326,Kiley,Denison,TRUE,49897 Forest Crossing,Georgia,kschermick91
327,Patricia,Perrottet,FALSE,162 Union Place,New York,skinsley92
328,Imogene,Fache,FALSE,44 Twin Pines Center,Kansas,gburder93
329,Darlene,Tubb,TRUE,476 Caliangt Place,Iowa,cthomen94
330,Jeniece,Lawrence,TRUE,06608 Dovetail Alley,Pennsylvania,alemmon95
331,Valaree,Breawood,TRUE,71 Chive Park,Ohio,zparnall96
332,Brandise,Sykora,TRUE,44 Northfield Court,Illinois,epostance97
333,Herman,Gerald,FALSE,0 Saint Paul Circle,North Carolina,apolak98
334,Tammi,Petkens,FALSE,852 Loomis Park,Virginia,gtussaine99
335,Lula,Lamshead,TRUE,23398 Columbus Hill,Florida,jyewen9a
336,Ericka,Denys,TRUE,0 Nevada Street,District of Columbia,pburet9b
337,Vevay,Kubas,FALSE,4318 Glacier Hill Avenue,South Dakota,oeccersley9c
338,Eb,Grubey,FALSE,41 Anzinger Pass,Pennsylvania,jfavill9d
339,Reeba,Ferronel,FALSE,4456 Continental Way,Missouri,tbinnion9e
340,Norah,McCrea,FALSE,9516 Butternut Terrace,Oklahoma,smaciaszek9f
341,Merrie,Schoales,TRUE,31 Dottie Terrace,California,cmushett9g
342,Laural,Cray,FALSE,542 Stuart Terrace,Indiana,kwarhurst9h
343,Marjie,Jaggard,TRUE,69 Gale Drive,Ohio,ajaram9i
344,Loralee,Harrad,FALSE,77284 Thierer Trail,Florida,sskocroft9j
345,Teirtza,Murrish,FALSE,2530 Susan Pass,Florida,nclemerson9k
346,Alessandro,O'Dowd,FALSE,6 Nelson Terrace,New Jersey,kgladebeck9l
347,Winna,,TRUE,08 Waxwing Trail,Rhode Island,wconey9m
348,Burtie,Vivash,FALSE,151 Anderson Drive,Virginia,eskune9n
349,Roselin,Wetherell,FALSE,84 Prentice Road,District of Columbia,tmitchall9o
350,Lucina,Deesly,TRUE,9723 Schurz Lane,Ohio,msalazar9p
351,Rorie,,TRUE,6 Milwaukee Pass,Alabama,hsuttle9q
352,Rachele,Abrahm,FALSE,15 Hanover Trail,Massachusetts,dlambshine9r
353,Henrie,Room,TRUE,65 Onsgard Terrace,Illinois,lgiggie9s
354,Melva,Preist,TRUE,5 Huxley Plaza,Tennessee,salsop9t
355,Fax,Scrauniage,TRUE,1 Porter Parkway,Colorado,giohananof9u
356,Felita,Delgadillo,FALSE,332 Knutson Crossing,Texas,jridge9v
357,Kirsten,Espinola,FALSE,945 Pawling Way,New York,aclackers9w
358,Marilee,Dudin,FALSE,14917 Mccormick Drive,Tennessee,wgunby9x
359,Meredith,Spurier,FALSE,32744 New Castle Center,California,jmalin9y
360,Michaella,Seager,FALSE,03 Clove Avenue,Texas,eewens9z
361,Bryanty,Harcarse,FALSE,4 Boyd Circle,Georgia,gblazhevicha0
362,Willis,Peniman,TRUE,784 Blaine Terrace,Florida,fmcgrirla1
363,Britt,Lindsley,TRUE,177 Mosinee Drive,Ohio,kmcneea2
364,Ase,Fibbens,TRUE,402 Helena Center,Florida,devea3
365,Adi,De Vries,FALSE,89727 Quincy Place,Massachusetts,btabera4
366,Cort,,TRUE,3 Merrick Court,Massachusetts,amillwalla5
367,Martin,Brand,TRUE,026 Lakeland Parkway,Tennessee,rbinga6
368,Lynett,Chadwell,TRUE,3 5th Point,Indiana,tdriolia7
369,Stacey,Lippingwell,FALSE,52004 Erie Pass,Virginia,jmonka8
370,Melania,Sands-Allan,TRUE,2356 Dahle Circle,Missouri,nbrosettia9
371,Enoch,Serjeantson,FALSE,42 Holy Cross Street,Ohio,kyarrallaa
372,Bennett,Dragon,TRUE,8 Redwing Lane,Arizona,iginglesab
373,Latisha,Coram,FALSE,15 Valley Edge Circle,Connecticut,psemoninac
374,Benedicta,Sustins,TRUE,607 Monterey Park,Georgia,kwillsheead
375,Malissia,Lardeur,TRUE,911 Autumn Leaf Road,Indiana,ewrayae
376,Meghan,Iremonger,TRUE,99 Oak Alley,Ohio,icamplejohnaf
377,Brandy,Gritsaev,FALSE,1 Rigney Terrace,Texas,rsidsaffag
378,Codee,Durn,TRUE,0 Longview Point,Texas,dhalladeyah
379,Berte,Summons,FALSE,38 Valley Edge Hill,South Carolina,tamberai
380,Darb,Fawcett,TRUE,7 Magdeline Alley,Oklahoma,agraftonherbertaj
381,Zeb,Rummer,TRUE,7833 Gale Hill,North Dakota,fkaleyak
382,Amery,Gorner,TRUE,501 Washington Park,Virginia,rskewesal
383,Marcy,Billin,TRUE,7 Thackeray Crossing,Ohio,cgersonam
384,Stevie,Siveter,TRUE,092 South Alley,Virginia,lhaskewan
385,Jillian,Gong,FALSE,488 Derek Terrace,Kentucky,gfawcusao
386,Miner,Fruser,TRUE,9426 Chive Hill,New York,iwharfap
387,Kandace,,TRUE,07432 Doe Crossing Alley,West Virginia,avernallsaq
388,Loralee,Pudney,TRUE,7761 Amoth Plaza,New York,hroullierar
389,Chastity,Noore,TRUE,794 Superior Alley,Tennessee,efreddias
390,Burl,Flott,TRUE,068 Shasta Circle,Pennsylvania,ktiltmanat
391,Estelle,,FALSE,34 Wayridge Point,Florida,wjershau
392,Kacie,Attwater,FALSE,21 Hoard Court,Florida,seyresav
393,Lola,Haddington,TRUE,5993 Chinook Place,Oklahoma,mmaclarenaw
394,Laureen,Hulstrom,FALSE,5 Lakewood Gardens Terrace,District of Columbia,ogatheralax
395,Coral,Edens,TRUE,02 Sheridan Crossing,Iowa,qscrowbyay
396,Yule,Sarll,FALSE,40 Hooker Place,Tennessee,pwhitmoreaz
397,Netty,Smorthwaite,TRUE,50 Rieder Avenue,Iowa,mglavesb0
398,Tymon,Brixey,TRUE,46611 Clarendon Way,Illinois,mpenwrightb1
399,Gerda,Jennery,TRUE,3 Buena Vista Junction,Idaho,bbusbyb2
400,Vi,Elgood,FALSE,636 Lawn Plaza,Florida,teschb3
401,Batholomew,Bleiman,FALSE,2455 Clarendon Point,Texas,fcrummyb4
402,Marti,Marzello,FALSE,6 Ridgeview Hill,Wisconsin,lhoutenb5
403,Billie,Wheadon,FALSE,505 Reinke Alley,West Virginia,stoffanellib6
404,Reiko,Jeffs,FALSE,68 Sunnyside Lane,Tennessee,docahernyb7
405,Forester,Buffy,TRUE,7 4th Trail,Louisiana,tpenmanb8
406,Page,Malt,TRUE,16 Warner Way,Wisconsin,cmcilwrathb9
407,Elna,Harral,FALSE,0 Crest Line Circle,Indiana,sbausorba
408,Richardo,Trees,FALSE,2422 Katie Park,Alaska,gennewbb
409,Lev,Scripps,FALSE,6666 Blaine Alley,New York,csaddletonbc
410,Jamaal,Kinsella,TRUE,74 Blackbird Pass,Pennsylvania,kwetheredbd
411,Harley,Schaffel,FALSE,96 Johnson Lane,Virginia,bdukerbe
412,Lizette,Ancliff,TRUE,38 Bunting Lane,Washington,sjensonbf
413,Berna,Antoniades,FALSE,07 Miller Drive,California,jbourchierbg
414,Granny,Breslauer,TRUE,05 Garrison Terrace,California,ttrevithickbh
415,Doroteya,Caville,FALSE,1217 Spaight Lane,Louisiana,tgawnebi
416,Prisca,Patman,TRUE,17 Garrison Street,Maryland,abraistedbj
417,Lyndell,Sandercroft,FALSE,1677 Declaration Pass,California,rbutterleybk
418,Patten,Kluge,TRUE,0 Kenwood Park,Florida,aeddisfordbl
419,Kirbee,Tollit,FALSE,69 Hovde Circle,Nevada,mwoodusbm
420,Cairistiona,Lahrs,TRUE,19567 Havey Avenue,Nevada,clamarbn
421,Nicky,Scranedge,TRUE,100 Goodland Terrace,Iowa,cdennebo
422,Robbin,Marr,TRUE,32 Surrey Hill,New York,phadleybp
423,Judy,Billingsly,TRUE,109 Village Pass,New York,giacobaccibq
424,Moritz,Desquesnes,TRUE,01006 Eastlawn Hill,Washington,igoulderbr
425,Miguel,Brierton,FALSE,80314 Beilfuss Hill,Michigan,ikeesbs
426,Evvy,Le Marquand,TRUE,8466 Iowa Lane,California,krisingbt
427,Felix,Sedgemond,TRUE,083 Gulseth Way,Texas,aimpettbu
428,Hilliary,Seathwright,TRUE,7 Colorado Alley,New York,edickmanbv
429,Flossie,Chyuerton,FALSE,59 Caliangt Road,Washington,bsallissbw
430,Anjela,Gibberd,FALSE,8 Declaration Drive,Texas,bchestonbx
431,Giulietta,Velten,FALSE,3119 Debs Place,Hawaii,lthowesby
432,Egor,McCorley,TRUE,1 Packers Lane,New Mexico,pmolnarbz
433,Zollie,Sleightholm,TRUE,21 Karstens Lane,Rhode Island,pborleacec0
434,Jessie,Goodger,FALSE,5880 Scoville Plaza,Georgia,aswinnardc1
435,Julio,Ordidge,FALSE,57162 Elmside Crossing,California,ggasconec2
436,Kasey,Mandel,FALSE,7134 Lakewood Circle,Tennessee,abreslanec3
437,Maxwell,Cankett,TRUE,2 Pearson Street,Texas,bgeddisc4
438,Armando,Gainsburgh,FALSE,472 Bay Parkway,Alaska,dbarlingc5
439,Nickola,Dikes,TRUE,00 Haas Way,Michigan,ddegnenc6
440,Avictor,Nornasell,TRUE,8696 Utah Avenue,Florida,kofergusc7
441,Timothea,Gethins,FALSE,7910 Garrison Circle,Pennsylvania,ddillandc8
442,Billye,Terris,FALSE,2 Huxley Drive,California,egrowyc9
443,Claudianus,Been,TRUE,91778 Bowman Court,Florida,slazarca
444,Corrie,Phillpot,FALSE,347 Claremont Avenue,California,ckopscb
445,Anders,Kimberley,FALSE,3 American Ash Circle,District of Columbia,rhaughcc
446,Darleen,Brave,TRUE,97414 Hazelcrest Crossing,Indiana,mabrahamovitzcd
447,Stephannie,Sidry,TRUE,9 Novick Crossing,Wisconsin,gconnachance
448,Zane,Monday,FALSE,70298 Sachtjen Parkway,Kansas,mprawlecf
449,Breanne,Dukes,TRUE,95 2nd Crossing,Ohio,mwoodfincg
450,Alfy,Getcliffe,TRUE,3955 Nova Circle,New York,cyarnoldch
451,Jessalin,Quarry,TRUE,020 Ohio Place,California,sskudderci
452,Gwendolyn,Very,FALSE,00 Esch Terrace,Ohio,ssinnockcj
453,Hailee,Shackle,TRUE,54 Brown Lane,Texas,ibrunstanck
454,Doralynne,Lexa,FALSE,84 Portage Plaza,Florida,anightingalecl
455,Austine,Dows,TRUE,702 Sunbrook Pass,Tennessee,avongladbachcm
456,Danica,Dallinder,TRUE,8 Mcbride Alley,Wisconsin,ksympercn
457,Wiatt,,TRUE,03 Debs Trail,Ohio,jwickrathco
458,Crichton,Addie,TRUE,755 Stone Corner Street,District of Columbia,egarfirthcp
459,Chiquita,Utridge,TRUE,17 Ronald Regan Pass,California,rbruninicq
460,Darbie,Stennings,FALSE,97464 Farwell Center,Florida,smckinneycr
461,Jerry,MacGaughie,TRUE,15 4th Point,Texas,mloniecs
462,Ruthie,Pickring,TRUE,19 Cascade Alley,Virginia,bhazaelct
463,Bennett,Pierpoint,FALSE,16 Huxley Parkway,California,bdyhousecu
464,Cosme,Yurkov,TRUE,678 Melby Way,Florida,mnarbettcv
465,Analiese,Gossop,TRUE,1204 Di Loreto Crossing,New York,abaynescw
466,Anjela,Biffin,TRUE,34350 La Follette Place,Texas,wbeesecx
467,Tremayne,,FALSE,7 Gina Terrace,Ohio,ovickresscy
468,Noland,,FALSE,4 Basil Park,Texas,kfraylingcz
469,Marianna,Bamborough,TRUE,4892 Sutteridge Crossing,Pennsylvania,jnapolid0
470,Urson,Gierek,FALSE,4760 Manitowish Way,Indiana,rburnittd1
471,Court,Opfer,FALSE,4 Summit Parkway,New Jersey,hsextyd2
472,Worden,Embery,TRUE,65 Clemons Trail,Texas,lbaldingd3
473,Sybilla,MacLennan,FALSE,43 Delladonna Drive,Maryland,agoskard4
474,Rivi,Fitter,FALSE,05687 Mockingbird Circle,Mississippi,thildrewd5
475,Dacey,Cahen,FALSE,1 Merchant Drive,Massachusetts,chemphilld6
476,Winnifred,Bigglestone,TRUE,884 Canary Drive,Washington,smincinid7
477,Brenn,Rochford,TRUE,663 Shasta Terrace,Texas,bmacdonaghd8
478,Mead,Zwicker,FALSE,938 Brown Street,Pennsylvania,mgorewayd9
479,Prince,Ivanchin,FALSE,031 Nevada Point,Kentucky,ebifieldda
480,Kippie,Prichet,TRUE,2744 Lakeland Place,Indiana,pwingatedb
481,Clementina,Pickervance,TRUE,670 Union Plaza,Montana,ldalliwatrdc
482,Sandra,Maes,TRUE,899 Helena Court,Texas,hhedgemandd
483,Olivie,,FALSE,746 Novick Way,Arizona,hmorfellde
484,Delly,,FALSE,55915 Northland Circle,Vermont,bthoralddf
485,Dodi,Stickells,TRUE,5 Victoria Trail,Texas,ybournedg
486,Danie,Gaskall,FALSE,21 Graceland Alley,Minnesota,edonativodh
487,Viviyan,,FALSE,084 Commercial Junction,Illinois,rlabramdi
488,Lucius,Sperring,TRUE,3 Northport Crossing,Michigan,oknaptondj
489,Charo,Canelas,TRUE,6499 Debs Alley,Virginia,hshackletondk
490,Torrence,Bradshaw,FALSE,92413 Barby Terrace,District of Columbia,aduferiedl
491,Murdock,Seathwright,FALSE,37940 Arrowood Place,Ohio,cthorolddm
492,Pattie,Brolechan,FALSE,14 Maywood Alley,California,achallicedn
493,Neilla,Houston,TRUE,04 Mesta Hill,Virginia,hcaberado
494,Emmit,Baldi,TRUE,2 Kim Way,Kansas,lpaddledp
495,Adeline,Southeran,FALSE,7 Hallows Parkway,Pennsylvania,jdemedq
496,Sibyl,Noweak,FALSE,8 Sunfield Pass,Arizona,gocarrolldr
497,Lucio,,FALSE,3551 Utah Parkway,Ohio,rbreckonds
498,Mommy,Brawson,TRUE,705 Hollow Ridge Park,Louisiana,rcuestadt
499,Clarice,Vamplers,FALSE,6356 Clyde Gallagher Way,California,shebborndu
500,Gareth,Castano,FALSE,0862 Talmadge Park,Alabama,anelligandv
501,Malia,Kohtler,TRUE,88621 Burning Wood Circle,Nevada,mloughandw
502,Margaux,Varcoe,FALSE,9605 North Alley,Oklahoma,rmilesdx
503,Lavinia,Standley,TRUE,928 Burning Wood Lane,Missouri,wsimondsondy
504,Charlene,Portis,FALSE,817 Golden Leaf Terrace,California,blowdendz
505,Malory,Ilyinski,FALSE,31363 Hoard Hill,California,ldudneye0
506,Saree,McCarney,TRUE,3953 Rigney Lane,Ohio,tyarnalle1
507,Anet,Duffit,TRUE,6412 Dennis Court,Florida,eashcrofte2
508,Margi,Pawelke,FALSE,01671 Graedel Court,Texas,mroosone3
509,Gallard,Moring,FALSE,347 Twin Pines Way,Tennessee,thearonse4
510,Noreen,Kimberly,FALSE,85 Longview Street,California,ejeromee5
511,Lurleen,Beardsdale,TRUE,5 Mosinee Point,Kansas,ksimane6
512,Saree,Twidale,TRUE,2728 Namekagon Center,Florida,eblackneye7
513,Daphne,Fell,FALSE,6 Arrowood Parkway,Illinois,llovele8
514,Lisa,Bracken,FALSE,2 Hanover Plaza,Pennsylvania,bbrockette9
515,Corey,Eathorne,FALSE,8988 Dorton Alley,Florida,tvonhelmholtzea
516,Siobhan,Abelovitz,TRUE,1201 North Terrace,Pennsylvania,cdeatheb
517,Eugenio,Quaintance,FALSE,5 Service Place,Colorado,ahealeyec
518,Bibbye,Searby,TRUE,6017 Bluejay Place,Pennsylvania,oroizined
519,Darrick,Hodge,TRUE,5128 American Trail,Colorado,asharnockee
520,Quillan,Roj,TRUE,477 Twin Pines Hill,Texas,kccominief
521,Heinrick,Edon,TRUE,7130 Corben Circle,Michigan,evanyutineg
522,Willie,Losbie,TRUE,0 Sugar Park,Florida,mblakslandeh
523,Maribeth,Livesay,FALSE,68 Bluejay Lane,Iowa,mzamboniniei
524,Mauricio,Mattke,FALSE,077 Monument Court,Colorado,dkarlqvistej
525,Tully,Maruszewski,FALSE,729 Boyd Pass,Minnesota,toscandallek
526,Harland,Clampin,FALSE,7328 Crest Line Plaza,Alabama,anesfieldel
527,Gwendolin,Tudge,TRUE,340 Spohn Point,Georgia,jstaversem
528,Eleanor,Hewell,TRUE,895 Morningstar Terrace,District of Columbia,civachyoven
529,Terrijo,Hamberstone,TRUE,28 Del Mar Road,Washington,amactrustrameo
530,Jerome,Roan,TRUE,45 Alpine Point,Connecticut,gskuseep
531,Linus,Robart,TRUE,2355 Garrison Street,Nevada,egiriardellieq
532,Alair,Blais,TRUE,817 Bunker Hill Alley,North Carolina,dstronougher
533,Land,Andree,TRUE,7 Kenwood Lane,District of Columbia,sbradderes
534,Luke,Ditchburn,TRUE,90938 Manufacturers Avenue,Oregon,cguilloneauet
535,Isac,Beddingham,TRUE,092 Ridgeway Parkway,District of Columbia,kmulderrigeu
536,Kirsten,Martinat,FALSE,8 Bultman Circle,Louisiana,amichellev
537,Arlen,Blose,TRUE,736 Oak Valley Place,Michigan,fgerritzenew
538,Jimmie,Delaney,FALSE,3 Dixon Drive,Texas,nmadineex
539,Olive,Heers,FALSE,335 Holy Cross Lane,North Carolina,scolvieey
540,Faun,Pollendine,FALSE,07 Hoffman Alley,Ohio,fmadrellez
541,Franzen,Duckerin,TRUE,6 Jenifer Alley,Arizona,tcaberasf0
542,Sianna,,TRUE,44677 Moose Alley,California,madrianf1
543,Lyda,Haresign,FALSE,93 Wayridge Drive,Florida,bjaradf2
544,Sergio,Adame,TRUE,801 Kennedy Parkway,District of Columbia,ckentishf3
545,Zeke,Kynton,TRUE,2 Ridge Oak Junction,New Jersey,dkeaseyf4
546,Jacquenette,Bretland,TRUE,8040 Springview Trail,Florida,fskucef5
547,Brietta,Vanyarkin,FALSE,03589 Sachtjen Hill,California,kkenninghamf6
548,Debee,Dunsmore,FALSE,4241 Declaration Crossing,New Jersey,grennebachf7
549,Bibbie,Pattisson,FALSE,9465 Waxwing Center,Oklahoma,smaffeyf8
550,Opal,Kingman,FALSE,98 Ruskin Alley,Pennsylvania,scluelyf9
551,Kirstin,McGrudder,FALSE,436 Brentwood Court,Texas,qfeatleyfa
552,Charisse,Innocent,TRUE,4 Swallow Place,Texas,hcolbranfb
553,Damon,Maffey,TRUE,8 Mayer Park,Arkansas,adanilishinfc
554,Querida,Haggidon,TRUE,47365 Fremont Pass,Kentucky,rhempelfd
555,Symon,Stubbington,TRUE,84 Carberry Plaza,Oklahoma,kgorghettofe
556,Saunders,Rosenzveig,FALSE,099 Eagle Crest Parkway,Texas,slosebieff
557,Sunshine,Knowles,TRUE,447 Reindahl Point,South Carolina,bdumphreyfg
558,Simon,Southway,TRUE,693 Grim Road,Texas,brankinefh
559,Sherman,Gayforth,TRUE,3150 Independence Center,Louisiana,ctomkiesfi
560,Ericka,Bagnal,TRUE,05440 Mallory Drive,Indiana,bsebleyfj
561,Leanora,,FALSE,95 Memorial Center,Missouri,atrottonfk
562,Izaak,Hatherley,FALSE,35139 Anzinger Terrace,Connecticut,zbittlesonfl
563,Carleton,Jachimiak,FALSE,5 Arizona Terrace,Ohio,rdahlenfm
564,Willi,Filippo,TRUE,02587 Buena Vista Lane,Florida,pjeanenetfn
565,Cinda,Bagley,FALSE,51500 Farwell Pass,Ohio,jelphfo
566,Stormy,Jurges,FALSE,74 Twin Pines Alley,Tennessee,pkeverenfp
567,Rip,Fitzroy,TRUE,47 Village Green Park,California,gwinterscalefq
568,Zorah,,FALSE,174 Grover Avenue,Alabama,sracherfr
569,Marietta,Cranston,TRUE,46 Bay Hill,Connecticut,glantuffefs
570,Ezekiel,Mealham,FALSE,742 Larry Circle,South Carolina,rrobilartft
571,Glenn,Redler,FALSE,1244 Sachtjen Junction,Wisconsin,cbozworthfu
572,Roanne,Scatcher,FALSE,49927 Lindbergh Plaza,Texas,lduffieldfv
573,Pryce,Humpage,FALSE,53910 Katie Street,Texas,mcaveneyfw
574,Prudence,,TRUE,21085 Shopko Junction,Ohio,rhuggenfx
575,Margeaux,Andrei,TRUE,558 La Follette Place,Missouri,otumefy
576,Ginni,Ingold,FALSE,752 Golf Course Trail,Kansas,thaskurfz
577,Thorndike,Rayson,TRUE,900 Mesta Pass,Indiana,blorencg0
578,Oren,Pimbley,TRUE,1020 Nova Center,Georgia,seskriggg1
579,Tedman,Pasley,TRUE,9331 Mifflin Crossing,Texas,ifeyg2
580,Chancey,McNae,FALSE,850 Spaight Avenue,Ohio,cgrugerrg3
581,Mia,Belitz,TRUE,30323 Sauthoff Trail,Washington,mfolshomg4
582,Lorain,Pinner,FALSE,83613 Kensington Plaza,Georgia,cniccolsg5
583,Belvia,Minker,FALSE,79 Kennedy Road,New Jersey,cbompassg6
584,Jaimie,Cockshtt,TRUE,1621 Prairie Rose Avenue,Arizona,rogormleyg7
585,Nessy,,FALSE,883 Shelley Pass,Alabama,aperuttog8
586,Morie,Digby,FALSE,0855 Canary Pass,Texas,kmccormickg9
587,Janean,Tchir,FALSE,47 Coolidge Alley,Florida,gcozinsga
588,Gae,Brettle,FALSE,0733 Sugar Drive,Ohio,gmeerongb
589,Alva,Tregido,TRUE,2577 Drewry Point,Washington,jkewgc
590,Neysa,,TRUE,7 Cherokee Drive,Georgia,aknowlmangd
591,Amity,Ingles,FALSE,85 Thackeray Lane,California,foldamge
592,Antonino,MacLeod,FALSE,54 Loftsgordon Terrace,Florida,takidgf
593,Valina,Clutton,TRUE,89 Beilfuss Alley,Florida,apetrassogg
594,Krysta,Timblett,FALSE,0029 Thompson Way,Washington,rrowstongh
595,Elsy,Biaggetti,FALSE,102 Pierstorff Drive,West Virginia,pgirdlestonegi
596,Valenka,Brouncker,FALSE,87 Bartillon Trail,New York,mreignardgj
597,Thain,Bussens,FALSE,5727 Iowa Terrace,Arizona,disworthgk
598,Maribelle,Sjostrom,TRUE,03812 Barby Road,Connecticut,jcrackettgl
599,Faydra,Rignall,TRUE,18596 Lakewood Parkway,Massachusetts,gplumergm
600,Constantia,Hookes,FALSE,462 Dunning Center,Washington,againsburghgn
601,Shaun,Younglove,FALSE,0 Kings Lane,Ohio,eowtramgo
602,Rossie,Denning,FALSE,49788 Warbler Way,Oregon,alowcockgp
603,Nixie,Vaulkhard,TRUE,158 Summerview Pass,Texas,npoultneygq
604,Patton,Crookston,FALSE,02204 Wayridge Trail,Washington,phunnybungr
605,Gilbertina,Wilkinson,TRUE,03908 Jana Plaza,Georgia,cruppelings
606,Antoine,Gahan,TRUE,8 Fallview Crossing,Montana,dpeddargt
607,Gwennie,Scadding,TRUE,320 Ludington Avenue,Washington,nmcfadegu
608,Ethelind,Sheepy,FALSE,77334 8th Avenue,Pennsylvania,krodgegv
609,Warde,Aronowitz,TRUE,163 Morrow Park,North Carolina,cbatiegw
610,Roger,Lumsdaine,TRUE,2821 Blackbird Alley,Massachusetts,cspinettigx
611,Ellsworth,Shallo,TRUE,620 Fuller Place,District of Columbia,fjimegy
612,Ransell,Durno,TRUE,6 Manitowish Parkway,California,hsymonesgz
613,Gilli,Meir,TRUE,2 Graedel Avenue,Missouri,lmackaigh0
614,Shelagh,Sherburn,TRUE,6147 Clyde Gallagher Park,North Carolina,jbraistedh1
615,Micheil,Seeley,TRUE,2 Kenwood Pass,Oklahoma,emagogh2
616,Liliane,Counihan,TRUE,84838 Fisk Lane,Kentucky,misakovh3
617,Winn,Woolacott,FALSE,04 Haas Terrace,South Dakota,smatussowh4
618,Patty,Duesbury,TRUE,2 Glendale Road,Idaho,cnewburyh5
619,Clevie,Ferrandez,FALSE,8645 Gerald Terrace,New York,amccleodh6
620,Eberto,Joincey,TRUE,973 Service Place,California,cdillwayh7
621,Natal,Millimoe,FALSE,5 Walton Pass,Texas,hshallcrossh8
622,Dynah,McAster,TRUE,47493 Blaine Junction,California,smcconaghyh9
623,Merrel,Bickerdyke,FALSE,1 Hudson Alley,Pennsylvania,rprobeyha
624,Gabrila,Kierans,FALSE,91 Lighthouse Bay Circle,Florida,dshucksmithhb
625,Gillian,Brigstock,FALSE,877 Division Point,Virginia,csyerhc
626,Pearla,Morsey,TRUE,4207 Swallow Parkway,Michigan,sgeerehd
627,Cassy,Burchfield,FALSE,7777 Homewood Drive,California,dskoneshe
628,Gabrielle,Shalcras,FALSE,12 Rowland Trail,Louisiana,csmolanhf
629,Roseanna,Local,FALSE,389 Hayes Pass,Iowa,lhoveehg
630,Wenona,Blakey,TRUE,4833 Twin Pines Point,New York,ccharltonhh
631,Gaspar,Turtle,FALSE,9147 Old Shore Hill,California,mbewhi
632,Gris,Daley,TRUE,93 Mendota Plaza,Utah,pdreverhj
633,Paulina,Belloch,TRUE,61 Stephen Park,Ohio,hpammenthk
634,Shirl,Gurner,FALSE,50862 Melby Lane,Mississippi,bbakerhl
635,Lucias,Danbi,TRUE,8 Westend Crossing,Florida,hfattorinihm
636,Binni,Morriss,FALSE,873 Lukken Alley,Kentucky,tsollowayhn
637,Carleen,Duggan,TRUE,6301 Toban Drive,California,cworrellho
638,Alexandre,McQuorkell,FALSE,96655 Namekagon Trail,Texas,bwarrethp
639,Laureen,Cowper,TRUE,6 Washington Junction,Florida,gyvenshq
640,Maurits,Thurstan,TRUE,125 Mariners Cove Crossing,Oklahoma,alaughlinhr
641,Ring,,TRUE,84 Cody Drive,California,mcornelyhs
642,Beverly,Dumsday,TRUE,10 Shasta Way,South Dakota,echildeht
643,Nicolette,Gwyneth,TRUE,47356 Moulton Center,California,asparkehu
644,Esther,Kirvell,TRUE,164 Hallows Way,New York,theatheringtonhv
645,Naomi,Lenz,TRUE,69 Ryan Parkway,Hawaii,bclymohw
646,Althea,Kilpatrick,TRUE,758 Anthes Terrace,Oregon,hlendremhx
647,Joe,Woolen,TRUE,215 Eastwood Trail,Indiana,crooteshy
648,Zeke,Capron,TRUE,30287 Warbler Drive,Missouri,gatyeohz
649,Sofia,Edgworth,TRUE,87096 Helena Parkway,Virginia,nbeevori0
650,Drusi,Merill,FALSE,6 Almo Center,Louisiana,ndeambrosii1
651,Sharity,Arnold,TRUE,124 Mosinee Lane,Pennsylvania,dwhickmani2
652,Minnnie,Carletti,FALSE,4 Hooker Avenue,Tennessee,ctamletti3
653,Rosella,Prall,FALSE,738 Spaight Avenue,Connecticut,acordeli4
654,Vina,Di Domenico,TRUE,251 Sugar Court,Texas,stantumi5
655,Giordano,Pretty,FALSE,0489 Pennsylvania Circle,Virginia,hownsworthi6
656,Darbie,Burl,TRUE,50 Algoma Road,Missouri,dabbisi7
657,Corilla,Dorken,TRUE,977 Hovde Hill,California,heuplatei8
658,Sharon,Limpenny,TRUE,6784 Fordem Street,Florida,asperwelli9
659,Rochelle,Barff,TRUE,42279 Schiller Way,Colorado,dmatussevichia
660,Stanwood,Zollner,FALSE,1845 Summer Ridge Circle,Arizona,pradenib
661,Finley,Joutapaitis,FALSE,70674 Carpenter Trail,Mississippi,pawdeic
662,Davidson,Daveran,TRUE,6177 American Ash Circle,West Virginia,cbidgoodid
663,Coralie,Sackett,FALSE,6114 Heffernan Center,New York,apeplowie
664,Aurlie,Minty,FALSE,62 Claremont Parkway,North Carolina,schurchardif
665,Terry,Robillart,TRUE,541 Bay Lane,South Dakota,ceclesig
666,Gordy,Haskell,FALSE,2602 Rutledge Plaza,Hawaii,dhembryih
667,Aurora,Tweedlie,TRUE,54952 Waubesa Court,Texas,jraviliousii
668,Mariellen,Lapish,FALSE,644 Brickson Park Alley,Texas,afencottij
669,Anastasie,Conway,FALSE,095 Donald Hill,California,cdanielkiewiczik
670,Ophelie,Potter,TRUE,8 Cherokee Pass,Colorado,otewesil
671,Bentley,Domenget,FALSE,12616 Killdeer Terrace,Connecticut,bohannenim
672,Brittaney,Woodford,FALSE,44 Lukken Drive,New York,vjosovitzin
673,Charisse,Hamflett,TRUE,04381 Oak Valley Place,Louisiana,bbebisio
674,Hilary,Timbrell,FALSE,709 Lighthouse Bay Center,Ohio,dwhilderip
675,Ysabel,,FALSE,898 Goodland Way,Missouri,relleyneiq
676,Cary,Tattershaw,FALSE,806 Mifflin Street,New York,dscayir
677,Lyda,Cotterrill,FALSE,6 Kingsford Place,Kansas,hbowlleris
678,Windham,Farrey,FALSE,417 Bartelt Trail,Florida,clillicrapit
679,Marilin,Talkington,TRUE,59 Melody Trail,Texas,lgureryiu
680,Peder,Thornthwaite,TRUE,9115 Susan Park,Connecticut,hwickersoniv
681,Elisha,Lanston,TRUE,7 Victoria Crossing,California,dpierrepontiw
682,Ruy,Scoone,FALSE,357 Old Shore Plaza,California,vgaveyix
683,Shelagh,Stockey,FALSE,27 Kipling Court,Virginia,byakuniniy
684,Malanie,Harkins,FALSE,59931 Farragut Lane,Texas,sseabourneiz
685,Nola,Colling,TRUE,423 Anthes Road,Virginia,tfealtyj0
686,Octavius,Huggett,FALSE,07 Havey Parkway,Massachusetts,bgarrochj1
687,Emmi,Ruecastle,FALSE,0883 Stang Terrace,California,tleicesterj2
688,Marisa,Danielkiewicz,TRUE,5 Erie Parkway,District of Columbia,icomarj3
689,Auguste,Greatland,TRUE,9 Northfield Pass,Hawaii,cbanbrookj4
690,Lindsey,Talmadge,TRUE,55384 Hooker Lane,Virginia,lfellneej5
691,Brande,,TRUE,7204 Ryan Pass,California,pdougalj6
692,Kenna,Tutchell,FALSE,28384 Becker Place,Nevada,mtadgellj7
693,Inger,Pinckney,FALSE,36 Waywood Circle,California,mmunslowj8
694,Alleyn,Ellph,TRUE,34338 Rigney Way,Maryland,dingersonj9
695,Anna-diane,Lamperti,TRUE,364 Dayton Place,Indiana,usammsja
696,Cecily,Sarsons,FALSE,4246 Division Drive,New York,emullinjb
697,Zenia,Rudsdale,TRUE,5147 Onsgard Alley,Pennsylvania,cbassonjc
698,Antonina,Garstang,TRUE,9550 Arkansas Street,Texas,whaggasjd
699,Nana,Farncombe,FALSE,497 Lyons Park,Connecticut,ecarlanje
700,Cinda,Codling,FALSE,0548 Wayridge Trail,Texas,hgomezjf
701,Brunhilda,Falla,FALSE,36327 Manitowish Way,New York,jkurtjg
702,Brana,Degli Antoni,TRUE,0006 Hermina Way,Florida,wfloydjh
703,Ferrell,Renbold,FALSE,810 Wayridge Lane,Florida,vstigellji
704,Rose,LaBastida,TRUE,91 Clyde Gallagher Point,Colorado,craddinjj
705,Bambi,La Vigne,FALSE,43 Melody Park,Texas,sbuscombejk
706,Ted,Formigli,TRUE,6 Sunnyside Avenue,Georgia,nbraidjl
707,Frazier,Philipsson,TRUE,6478 Veith Junction,Florida,iriccijm
708,Mack,Ghilardini,FALSE,66836 Fair Oaks Center,Michigan,hpatrisksonjn
709,Shirlene,,FALSE,95864 Hintze Circle,Louisiana,lrowjo
710,Sissie,Longthorne,TRUE,489 Pierstorff Way,Texas,hemlynjp
711,Tuck,Awcoate,FALSE,295 Charing Cross Trail,Michigan,gmccahilljq
712,Madalena,Albin,TRUE,59 Corscot Place,Colorado,hpoyntzjr
713,Katherina,Iianon,TRUE,9 Holmberg Drive,South Carolina,edolanjs
714,Mallory,Dakers,TRUE,91438 Homewood Avenue,Florida,lwimbushjt
715,Bettina,Blenkharn,TRUE,3 Orin Point,Indiana,dlinnyju
716,Amii,Ghiraldi,FALSE,2 Magdeline Plaza,Virginia,xmontaguejv
717,Maximilianus,Denniston,FALSE,71645 5th Hill,Georgia,sshepleyjw
718,Zonda,Sill,TRUE,7338 Troy Alley,Texas,ebiaggettijx
719,Skell,Wicklin,FALSE,6362 Morrow Place,Florida,aluffmanjy
720,Leonie,,FALSE,03 Burrows Point,Florida,sseniorjz
721,Flory,Kean,FALSE,7715 Warbler Trail,California,jkummerlowek0
722,Barrie,,FALSE,2 Fordem Hill,New York,bgritsaevk1
723,Adele,Clem,TRUE,702 Kipling Drive,Pennsylvania,cdornk2
724,Jemmy,,FALSE,7574 Eagle Crest Lane,Maryland,cbetterissk3
725,Arleen,Antuoni,TRUE,23718 Sunnyside Plaza,Massachusetts,jmacpheek4
726,Kristel,Moncreiffe,TRUE,9 Granby Junction,Alabama,wciobutaruk5
727,Nan,Stutte,TRUE,930 Spohn Place,Connecticut,hgrowcockk6
728,Kenton,Mellon,TRUE,05900 Goodland Trail,North Carolina,rbillingslyk7
729,Rani,Barfford,FALSE,56 Fair Oaks Court,North Dakota,kfletcherk8
730,Spike,Behling,FALSE,337 Truax Circle,Florida,cgisburnek9
731,Justis,Sissel,FALSE,3 Nobel Junction,New York,aduffka
732,Margret,Maes,TRUE,61696 Weeping Birch Point,Texas,jalvareskb
733,Wolfy,Boddington,FALSE,65 Lighthouse Bay Parkway,Arizona,jcuskerykc
734,Agathe,Foxen,TRUE,2 Dorton Circle,California,cstraneokd
735,Gram,Bonnick,FALSE,614 Maryland Terrace,North Carolina,ckeninghamke
736,Neal,Shoppee,FALSE,3 Johnson Terrace,Virginia,blindgrenkf
737,Dee,Bagniuk,TRUE,66183 Corben Crossing,Illinois,vrustedgekg
738,Janeczka,Skene,FALSE,1 Rieder Crossing,District of Columbia,wlortzkh
739,Lamond,Linner,TRUE,06 Cordelia Crossing,Texas,rtunnahki
740,Dannye,Whatford,TRUE,651 Lotheville Hill,New York,cwarlockkj
741,Auria,Joisce,TRUE,74 Hallows Plaza,North Carolina,bboaskk
742,Zorina,Rozet,TRUE,03 Redwing Pass,California,sfowneskl
743,Emili,,TRUE,5 Mccormick Drive,Connecticut,cwhardleykm
744,Genny,Iacomo,FALSE,0 4th Lane,Florida,lturonekn
745,Neely,McCowan,TRUE,9 Springs Way,Nevada,zingamellsko
746,Padget,Jaggs,FALSE,3 Annamark Street,New York,ralsobrookkp
747,Thomas,Berkelay,TRUE,1 Delaware Place,Missouri,wknoxkq
748,Thorn,Philpott,TRUE,63 Mallard Lane,California,jjennokr
749,Elias,Lorkins,TRUE,044 Springs Alley,Connecticut,iitzkoviciks
750,Ase,Stonnell,TRUE,2831 Valley Edge Street,Iowa,mandreekt
751,Bealle,Duffan,TRUE,7853 Homewood Pass,Ohio,sbelfku
752,Geoff,Sired,FALSE,4699 Rigney Terrace,Colorado,pcamillerikv
753,Ripley,Roydon,TRUE,362 Crest Line Parkway,California,rsawnwykw
754,Noll,Caps,TRUE,7 Eagan Alley,North Carolina,cewbanckkx
755,Kendell,Reef,TRUE,07019 Namekagon Court,North Carolina,bgasnellky
756,Gladi,,TRUE,74382 Park Meadow Circle,Texas,tcarberrykz
757,Calla,Potes,TRUE,0419 Starling Parkway,Nevada,rfancuttl0
758,Herve,Gregine,TRUE,6716 North Junction,West Virginia,lbaudinl1
759,Fawn,Jeannel,FALSE,736 Sheridan Terrace,California,dstigerl2
760,Bartholomeo,Ramelot,TRUE,8847 Hoard Place,North Carolina,hwimmerl3
761,Aila,Swedeland,FALSE,0 Buhler Way,North Carolina,csturridgel4
762,Miquela,Simonaitis,FALSE,9 Annamark Way,Colorado,zbeynknl5
763,Stacie,Ovett,TRUE,7362 Eagle Crest Terrace,Louisiana,gdayleyl6
764,Daisey,Gerram,TRUE,94327 Dryden Junction,Virginia,bcaffinl7
765,Dona,Bust,TRUE,87075 Acker Lane,Florida,kdunbabinl8
766,Kissie,Zavattiero,TRUE,8 Glendale Drive,California,tpeplowl9
767,Marcile,Hardy,FALSE,02 Thierer Hill,California,pdowdamla
768,Clive,Spinelli,FALSE,31 Hansons Trail,Texas,ngerrishlb
769,Abdel,Pethick,TRUE,425 Shopko Crossing,Missouri,eluquetlc
770,Thorstein,,FALSE,5379 Park Meadow Court,Arizona,rdoagld
771,Jereme,Jurick,TRUE,37 Mesta Hill,Florida,vwermerlingle
772,Silvie,Bernadzki,TRUE,02339 Independence Plaza,California,mgillogleylf
773,Jolie,Pudner,FALSE,80 Lunder Drive,Michigan,lkaselg
774,Corbet,Dodsworth,FALSE,45766 Redwing Court,Colorado,atracylh
775,Alvira,Bartali,TRUE,0389 Garrison Junction,California,asemarkli
776,Dana,Wippermann,FALSE,1 Kensington Parkway,Pennsylvania,jmonierlj
777,Muffin,Jubert,TRUE,43231 Gale Park,Illinois,ghaslumlk
778,Ciel,Thoms,FALSE,2731 Anzinger Hill,Virginia,lmorduell
779,Silvio,Binnall,FALSE,75463 Manufacturers Drive,California,fliepinalm
780,Della,Merryfield,TRUE,9 Hazelcrest Hill,Virginia,akerln
781,Sarine,Schrader,FALSE,927 Haas Place,Florida,gyeelllo
782,Reeba,Bolduc,TRUE,714 Tennyson Trail,Georgia,jheckslp
783,Robbi,Lawlee,FALSE,5 Cambridge Crossing,California,dbaineslq
784,Miriam,Haith,TRUE,84631 Schiller Street,Texas,dmcdavidlr
785,Javier,Hars,FALSE,02324 Doe Crossing Road,Illinois,jtacels
786,Glenn,Strode,FALSE,978 Prairie Rose Parkway,California,rbennislt
787,Samaria,Dunlop,TRUE,7979 Washington Center,Texas,lhorsfieldlu
788,Candace,Izen,TRUE,3252 Pearson Road,Illinois,lhanlonlv
789,Cindra,Annable,FALSE,5 Vidon Road,New York,ggrenshieldslw
790,Karon,Amyes,FALSE,2613 Center Avenue,New York,ndabnerlx
791,Chiquia,Skillings,TRUE,34582 Center Trail,Michigan,hgriffittsly
792,Renado,Minichi,FALSE,7 Blackbird Plaza,Nebraska,sconnerlz
793,Dianna,Skirling,TRUE,18467 Banding Court,North Dakota,hgilhouleym0
794,Hadria,Cornew,TRUE,84298 Village Parkway,Louisiana,llunam1
795,Joye,Drivers,FALSE,4 Meadow Valley Court,California,shalfacreem2
796,Maribel,Gainsboro,TRUE,5386 Helena Street,Arizona,askipseam3
797,Marin,,FALSE,51660 Comanche Road,Ohio,lbeurichm4
798,Karna,Mauser,TRUE,7694 Utah Road,Massachusetts,snewlingm5
799,Alphonse,Dahmke,FALSE,388 Mcbride Avenue,Minnesota,rchesnutm6
800,Morly,Crookshanks,TRUE,8921 Northview Pass,New York,titzcakm7
801,Hamish,Andersch,FALSE,90 Dapin Point,California,lpurchesm8
802,Bendite,Shanahan,TRUE,9121 Stoughton Place,Missouri,rgraddellm9
803,Lavena,Guinness,FALSE,81 Glendale Trail,Ohio,tbarnhillma
804,Byrle,Janata,TRUE,503 Leroy Road,Ohio,skeyesmb
805,Lee,Wrettum,TRUE,8328 Arkansas Way,Florida,bmessitermc
806,Rozelle,Jukes,TRUE,18 Mccormick Plaza,Indiana,cstannionmd
807,Vladamir,Kendred,TRUE,0 Moland Road,New York,sniaveme
808,Hillery,Gonnin,FALSE,0 Transport Drive,District of Columbia,gclineckmf
809,Man,holmes,TRUE,41172 Mockingbird Court,South Carolina,sangrickmg
810,Kimberley,Cristofano,FALSE,902 Londonderry Crossing,California,nagerskowmh
811,Avram,Fassbindler,FALSE,44955 Westport Park,Arizona,apollakmi
812,Edward,Gladding,TRUE,4521 Barnett Terrace,Florida,winkstermj
813,Conrade,Haddow,TRUE,41 Lien Way,Texas,lpatridgemk
814,Athena,Okenden,FALSE,56372 Ridgeview Road,Florida,cberiml
815,Flo,Woodhams,FALSE,44 Hayes Circle,Arizona,iwhiterodmm
816,Jimmy,Waples,TRUE,36004 Spaight Circle,Colorado,njenneymn
817,Oby,Grimsditch,TRUE,7198 Elmside Pass,North Dakota,ogreenlessmo
818,Bowie,Scrimshaw,FALSE,2414 Shelley Hill,Georgia,lgrassickmp
819,Gabi,Raylton,FALSE,84 Northridge Junction,California,lferrottimq
820,Matthus,Cattermoul,FALSE,959 Walton Trail,Tennessee,ahaisellmr
821,Martyn,Manning,TRUE,0734 Clove Hill,Texas,slammerichms
822,Kit,Posten,FALSE,6160 Colorado Hill,Kansas,lschuttemt
823,Donnie,Gurery,TRUE,69642 Dovetail Crossing,California,whedworthmu
824,Layney,Arling,FALSE,66195 Di Loreto Pass,Arizona,dpittwaymv
825,Reidar,Kempshall,FALSE,67 Maryland Trail,Utah,lpharrowmw
826,Edsel,Moule,TRUE,06 Heath Drive,Ohio,lskellionmx
827,Mikaela,Blenkin,TRUE,0 Thompson Trail,Texas,btrouncemy
828,Carlita,Ginley,FALSE,0 Hauk Center,Virginia,jdormanmz
829,Horatio,Bloor,FALSE,3196 Riverside Avenue,Pennsylvania,losmondn0
830,Rae,Lipman,FALSE,6 Eastlawn Road,Indiana,lstandagen1
831,Lotti,Southard,TRUE,01 Mockingbird Crossing,New York,xchuggn2
832,Lindsey,Simukov,TRUE,2591 Mifflin Terrace,Texas,akinkaidn3
833,Roland,Burnage,FALSE,82242 Marquette Road,Arkansas,apetrovykhn4
834,Base,Riddington,FALSE,00594 Kinsman Crossing,Florida,fleftridgen5
835,Jillana,,TRUE,2114 Emmet Trail,Nevada,gmullanyn6
836,Dona,Duce,FALSE,4 West Plaza,Arkansas,tstanyardn7
837,Torin,Binch,TRUE,51647 Portage Trail,Arizona,lshipwayn8
838,Gonzalo,Casetti,FALSE,45865 Green Point,Texas,fforringtonn9
839,Herold,Mapowder,FALSE,1376 Park Meadow Road,Indiana,yglusbyna
840,Randell,McPharlain,TRUE,6 Gina Terrace,Montana,mayrsnb
841,Armstrong,Krimmer,FALSE,0777 Elgar Pass,Florida,blipsonnc
842,Cesaro,Dreakin,FALSE,045 Ilene Trail,Washington,bvanbrughnd
843,Clayton,Shirt,TRUE,42 Schiller Plaza,North Carolina,klapidusne
844,Isac,Gilfillan,FALSE,292 Golf View Plaza,Georgia,ehuggettnf
845,Zea,Lynthal,FALSE,809 Dixon Street,Pennsylvania,bstychng
846,Sigfried,Tidswell,FALSE,6 Lunder Parkway,Oklahoma,oindernh
847,Elston,,TRUE,9 Eagle Crest Trail,Connecticut,rrudhamni
848,Marjory,,FALSE,0 Sage Hill,Florida,lpanksnj
849,Eveline,Waudby,TRUE,7780 Morrow Drive,Virginia,gduerdennk
850,Clerissa,di Rocca,TRUE,118 Shasta Terrace,New York,scastiellonl
851,Belinda,,TRUE,9740 Lillian Plaza,Connecticut,ehuntonnm
852,Maitilde,Janicijevic,FALSE,55 Forest Lane,Connecticut,abarkhousenn
853,Raoul,Gradwell,FALSE,9 Hoffman Way,Iowa,tfeenanno
854,Darryl,Morston,TRUE,93 Lakeland Hill,Nevada,sdibbertnp
855,Karolina,Fraczek,TRUE,35 Elgar Circle,Florida,dmiddlemissnq
856,Sidonia,Landsman,TRUE,2 Bunker Hill Hill,South Carolina,hdomicannr
857,Pippy,Balmforth,FALSE,6618 Swallow Avenue,Wisconsin,ablethynns
858,Paulie,Lymer,FALSE,347 Independence Pass,Texas,lcorsonnt
859,Abbie,Boshell,TRUE,62960 Ronald Regan Drive,Florida,lerleynu
860,Vonnie,Proppers,FALSE,41424 Reinke Plaza,Texas,charriottnv
861,Riane,Van Cassel,TRUE,78626 Boyd Junction,Colorado,gnodesnw
862,Caro,Fontaine,TRUE,60 Burrows Terrace,New York,rwattnx
863,Maurice,Baszniak,FALSE,370 Birchwood Plaza,Texas,gswansonny
864,Kristina,,FALSE,1 Pepper Wood Junction,West Virginia,rbausmannnz
865,Honey,,FALSE,87 Hallows Court,Missouri,atosneyo0
866,Vito,Iiannoni,FALSE,98 Westport Trail,Virginia,hdomengeto1
867,Buffy,Irdale,FALSE,9 American Ash Park,Texas,ybodleigho2
868,Arlette,Stockton,FALSE,67951 Hovde Pass,Ohio,aillistono3
869,Gloriana,Gouldie,TRUE,15224 Sundown Way,Oklahoma,jzumbuscho4
870,Virgil,Heditch,FALSE,4789 Elka Parkway,Ohio,rbaumano5
871,Livia,Bows,TRUE,5 Marquette Park,Colorado,gdevaso6
872,Stepha,Emmanueli,FALSE,89776 Pawling Crossing,Alabama,rhackwello7
873,Lana,Colthard,FALSE,88383 Hoepker Place,Washington,slindblomo8
874,Keelia,Beckwith,FALSE,45 Westerfield Place,California,fgilliato9
875,Ebonee,Simonaitis,TRUE,2698 Mosinee Drive,California,ebeddieoa
876,Corty,,TRUE,18500 Farwell Point,Oklahoma,bedsallob
877,Wilmette,Morch,FALSE,2 Darwin Street,Ohio,amarchantoc
878,Florinda,Ledgerton,TRUE,6014 Fulton Center,Kentucky,hduleyod
879,Carmina,Chinery,TRUE,9 Mandrake Park,Florida,hbruffoe
880,Antonin,McGuffog,TRUE,0513 Quincy Lane,Wisconsin,fjaneczekof
881,Sosanna,Porritt,TRUE,3742 Cascade Place,California,rmanneringog
882,Abe,,FALSE,02 Dennis Avenue,Alabama,fleftbridgeoh
883,Merwyn,Stile,FALSE,8173 Nobel Trail,Nebraska,swhaymandoi
884,Vanni,Oulner,FALSE,6798 Mccormick Terrace,Texas,mcundoj
885,Bastian,Tregensoe,TRUE,0608 American Ash Point,California,lleipoldok
886,Wallie,Hedderly,TRUE,76780 Manufacturers Center,California,ltosdevinol
887,Margie,Casillas,TRUE,6845 Merrick Junction,Georgia,rtyrerom
888,Meyer,Luca,TRUE,32411 Kropf Crossing,Alabama,apitsonon
889,Felipe,Hartrick,TRUE,4224 Rowland Lane,District of Columbia,kjowleoo
890,Ferdinande,Blackham,TRUE,741 Schiller Lane,Kentucky,lschankelborgop
891,Fania,Newvell,FALSE,7 Scoville Crossing,New York,vrambadtoq
892,Kathy,,TRUE,9 Summerview Center,Wisconsin,ddraudeor
893,Roshelle,Gerler,TRUE,57117 Weeping Birch Way,California,lbaggeos
894,Malina,,FALSE,28547 Elmside Alley,California,mguinnessot
895,Cyndi,Matteini,FALSE,988 Badeau Road,California,amaccollou
896,Meade,McCard,TRUE,472 Basil Pass,Ohio,hbauduinov
897,Gladys,Brim,FALSE,443 Bashford Pass,Ohio,epalleyow
898,Dayle,,TRUE,3 Hauk Pass,Oregon,cwilloughbyox
899,Kylila,Gresty,FALSE,1 Melody Junction,Pennsylvania,vcornelleauoy
900,Frederich,Meier,TRUE,6286 Havey Park,California,sguynemeroz
901,Elie,Dohmer,FALSE,1386 Columbus Park,Florida,aparlottp0
902,Irving,Mews,FALSE,14 Quincy Junction,New Jersey,rbestarp1
903,Hamilton,O'Lagen,TRUE,9081 Merchant Court,Tennessee,lreavellp2
904,Gardiner,Raoux,FALSE,53976 Porter Pass,Georgia,clyosikp3
905,Velvet,Polglase,TRUE,1 Forest Run Point,California,plaintonp4
906,Garv,Chiswell,TRUE,4217 Vermont Point,Georgia,fpoleyp5
907,Antonin,Ilyukhov,TRUE,4112 Holmberg Trail,Texas,ghaworthp6
908,Mandi,Giacobini,FALSE,3 Tomscot Plaza,District of Columbia,wmcduallp7
909,Phaidra,Barkshire,TRUE,69197 Thierer Terrace,Illinois,ngrigollip8
910,Kennedy,Lainton,FALSE,95795 Lindbergh Drive,California,jwhaleyp9
911,Lolly,Wetwood,FALSE,3390 Homewood Street,District of Columbia,vspallpa
912,Blayne,Craxford,TRUE,69049 Hansons Hill,Illinois,epridenpb
913,Mickie,Krebs,FALSE,32666 Dunning Center,Washington,mbonnettpc
914,Ina,Felderer,FALSE,2 Susan Hill,California,gmatyushkinpd
915,Hewitt,Cheek,FALSE,98 Ridgeway Terrace,West Virginia,mchapellepe
916,Maynord,Trowill,FALSE,6677 Charing Cross Lane,New York,kcasepf
917,Katherina,Knudsen,FALSE,540 Mcguire Avenue,Alabama,mtroppmannpg
918,Jackie,Spilsted,FALSE,9119 Washington Alley,New York,bmilroyph
919,Adah,Hinstock,FALSE,2104 Laurel Drive,Texas,fmccullypi
920,Jedd,Padden,FALSE,0 Oakridge Terrace,New Hampshire,blandegpj
921,Marty,,TRUE,257 Glendale Street,Texas,rmcffadenpk
922,Taylor,Blatcher,TRUE,57894 Monica Road,Nevada,tchoppinpl
923,Boyd,De Cruce,FALSE,2 Eliot Terrace,California,mdiangelopm
924,John,January,FALSE,36557 Mccormick Pass,Texas,gradkepn
925,Kristine,Lapere,TRUE,26044 Grayhawk Park,Michigan,chickspo
926,Carr,,FALSE,1129 Grasskamp Point,California,brubinsaftpp
927,Felice,Branscombe,FALSE,89 Blaine Drive,Texas,masletpq
928,Roth,Gauntley,FALSE,8704 Mosinee Plaza,Minnesota,krunacrespr
929,Vickie,,FALSE,3 Green Plaza,Tennessee,amckellarps
930,Charmian,Strainge,TRUE,1485 Hovde Trail,Kansas,thurrypt
931,Kalinda,Muldownie,TRUE,8382 Huxley Road,Nebraska,yspierspu
932,Jada,Faithorn,FALSE,00306 Dahle Drive,Texas,fparidgepv
933,Rodger,Rugieri,TRUE,26 Starling Alley,Nevada,hbrinkleypw
934,Andrea,,TRUE,2512 Northland Point,North Dakota,hbourdonpx
935,Geralda,,FALSE,65039 Nancy Park,Florida,gsimakovpy
936,Randene,Ovenell,FALSE,0 Clove Way,West Virginia,melveypz
937,Marlane,Burhouse,TRUE,53001 Troy Avenue,North Carolina,ssankeyq0
938,Vitia,Stangoe,FALSE,9 Darwin Court,Wisconsin,larmatidgeq1
939,Valina,Boustead,TRUE,5326 Eastwood Road,Hawaii,fdacthq2
940,Jaynell,Warner,TRUE,9 Barby Circle,Utah,ashellcrossq3
941,Lara,Ciccottio,FALSE,6 Colorado Plaza,New York,sbattissonq4
942,Fae,Rous,TRUE,198 Havey Road,Kansas,whoulahanq5
943,Ky,Rickwood,FALSE,72293 Forest Dale Street,Pennsylvania,vsemeredq6
944,Paxton,Dutch,TRUE,01 Sutteridge Drive,Minnesota,marmalq7
945,Dniren,Thickens,FALSE,525 Prairieview Center,California,cdealyq8
946,Thatch,Arrault,TRUE,642 Washington Lane,Nebraska,menstoneq9
947,Phillie,Hegerty,TRUE,67908 Bartillon Pass,West Virginia,djarleyqa
948,Dare,Copley,FALSE,79 Tony Center,Texas,bmarronqb
949,Jermayne,Farlow,FALSE,2 Ronald Regan Crossing,Arizona,caronstamqc
950,Jaynell,Lesslie,TRUE,04114 Michigan Drive,Texas,rponnsettqd
951,Steffane,Castane,TRUE,4 Kedzie Court,Louisiana,jtonryqe
952,Ronnie,Brundale,FALSE,8 Myrtle Parkway,Florida,dlumsdaineqf
953,Giffie,Stitt,FALSE,77 Crescent Oaks Alley,Arizona,lfelderqg
954,Korrie,Andreolli,TRUE,2 Shelley Center,Idaho,kallcornqh
955,Vaughan,Marie,TRUE,05805 Talmadge Park,Texas,rdytonqi
956,Dewain,Farrant,FALSE,935 Pearson Center,Florida,dmathevonqj
957,Joshuah,Lingley,FALSE,205 Loftsgordon Point,Texas,mdavidescuqk
958,Mill,Cure,TRUE,4120 Continental Pass,Alaska,mjockleql
959,Bevan,Burras,TRUE,08 Crescent Oaks Plaza,Oregon,ehumblesqm
960,Bradford,McLeish,TRUE,56927 Dexter Trail,Illinois,cremmerqn
961,Pierrette,Audenis,FALSE,60725 Vernon Crossing,California,rbagwellqo
962,Nanete,Bedson,TRUE,22296 American Alley,Alabama,nsaffenqp
963,Evelyn,Rennles,TRUE,3 Talmadge Plaza,California,ddanilchevqq
964,Sarette,Ledamun,TRUE,04759 Beilfuss Drive,Massachusetts,vgenneyqr
965,Paten,Barrasse,TRUE,581 Lotheville Circle,Colorado,frowanqs
966,Homere,Skehens,TRUE,046 Oak Valley Terrace,New York,kelionqt
967,Alysa,Kelly,FALSE,912 Buell Road,Washington,iduffillqu
968,Corey,Meys,TRUE,112 Maywood Road,Texas,rcurlessqv
969,Alexi,Cicculi,FALSE,66 School Circle,Michigan,gstummeyerqw
970,Adrianne,O'Duane,TRUE,796 Delladonna Park,Kansas,hwakehamqx
971,Peder,Judge,TRUE,068 Grasskamp Street,Ohio,tgaydonqy
972,Addy,Drayson,FALSE,07 Prairieview Road,Florida,gmccliffertyqz
973,Kitty,Swayne,FALSE,3144 Haas Street,Missouri,noluneyr0
974,Gardie,Juszkiewicz,TRUE,554 Heffernan Trail,California,smatchettr1
975,Lulita,Dedon,FALSE,2 Summit Point,Kansas,kkitcatr2
976,Melita,Seargeant,TRUE,1 Forest Dale Street,California,aantrobusr3
977,Erina,Chiommienti,TRUE,30300 Armistice Terrace,Colorado,gneildr4
978,Duncan,Fassam,FALSE,8 Fairfield Point,Indiana,hwebbornr5
979,Gardy,Leicester,TRUE,6 Jay Street,District of Columbia,jaldridger6
980,Vivyan,Girardez,FALSE,01 Schiller Road,Arizona,nblecklyr7
981,Niel,,FALSE,798 Trailsway Parkway,Minnesota,mportmanr8
982,Brinna,Bermingham,TRUE,8623 Haas Crossing,Michigan,tgoadbier9
983,Katalin,Buckenham,FALSE,0423 Gateway Park,New York,dritchmanra
984,Larry,Webb,FALSE,34 Garrison Alley,Texas,ahardinghamrb
985,Maddy,,TRUE,104 Donald Street,Arizona,zlapslierc
986,Carney,Bettlestone,FALSE,5 Mariners Cove Junction,District of Columbia,lmcgilvrayrd
987,Glyn,Tippetts,TRUE,84 Granby Lane,New Jersey,jrudyardre
988,Adlai,Sarney,TRUE,2472 Toban Road,Texas,kduffilrf
989,Rab,Ties,FALSE,2 Stuart Road,California,ffermingerrg
990,Alli,Kilban,TRUE,96203 Northport Avenue,California,apeacockerh
991,Donovan,Seacombe,FALSE,497 Gerald Place,Ohio,fhayfordri
992,Vinny,Barbrook,FALSE,847 Carberry Parkway,California,igairdnerrj
993,Herold,McGruar,FALSE,23346 Mcguire Court,Texas,agrowdenrk
994,Dotti,Artharg,TRUE,64618 Cordelia Junction,New Jersey,kworlockrl
995,Gayler,Sommersett,FALSE,99 Arapahoe Avenue,Virginia,hhubanerm
996,Barb,Yushachkov,TRUE,66 Rockefeller Hill,Florida,lcripwellrn
997,Erena,Canadas,FALSE,39 Ludington Drive,Minnesota,pmerigonro
998,Dexter,Gosneye,TRUE,3 Melody Road,Florida,eephgraverp
999,Sammy,Gabbatiss,TRUE,50 Gale Street,Washington,kdenajerarq
1000,Ailyn,Bourges,TRUE,41 Prentice Junction,South Carolina,lruffeyrr